"";"word";"n"
"1";"corso integrato";68
"2";"studente avere";68
"3";"corso proporre";62
"4";"solido conoscenza";57
"5";"core curriculum";54
"6";"conoscenza base";52
"7";"corso essere";48
"8";"avere acquisire";37
"9";"conoscenza relativo";31
"10";"studente essere";30
"11";"studente acquisire";29
"12";"studente conoscenza";29
"13";"conoscenza principale";28
"14";"corso intendere";28
"15";"essere grado";26
"16";"fornire studente";26
"17";"obiettivo corso";26
"18";"buono conoscenza";25
"19";"fine corso";25
"20";"avere capacità";23
"21";"fornire conoscenza";23
"22";"studente dovere";23
"23";"introdurre studente";21
"24";"concetto base";20
"25";"acquisizione conoscenza";18
"26";"termine corso";18
"27";"avere obiettivo";17
"28";"corso fornire";17
"29";"ðÿ ðÿ";17
"30";"concetto fondamentale";16
"31";"conoscenza merito";16
"32";"adeguato conoscenza";15
"33";"base relativo";15
"34";"lingua inglese";15
"35";"nozione fondamentale";15
"36";"strumento necessario";15
"37";"consentire studente";14
"38";"nozione base";14
"39";"studente potere";14
"40";"studente solido";14
"41";"acquisire conoscenza";13
"42";"avere conoscenza";13
"43";"corso prevedere";13
"44";"fornire base";13
"45";"obiettivo formativo";13
"46";"seguire corso";13
"47";"studente apprendere";13
"48";"corso avere";12
"49";"diritto privato";12
"50";"due modulo";12
"51";"principale tecnica";12
"52";"studente conoscere";12
"53";"superare esame";12
"54";"approfondire conoscenza";11
"55";"conoscenza approfondire";11
"56";"conoscere principale";11
"57";"contenuto materia";11
"58";"corso base";11
"59";"corso conoscenza";11
"60";"corso mirare";11
"61";"dovere avere";11
"62";"successo solido";11
"63";"sviluppare conoscenza";11
"64";"teorico pratico";11
"65";"avere apprendere";10
"66";"base comprensione";10
"67";"conoscenza teorico";10
"68";"corso introdurre";10
"69";"corso prefiggere";10
"70";"dovere dimostrare";10
"71";"essere tenere";10
"72";"fornire strumento";10
"73";"principale modello";10
"74";"studente completiare";10
"75";"acquisire competenza";9
"76";"acquisire nozione";9
"77";"conoscenza avanzato";9
"78";"conoscenza necessario";9
"79";"conoscenza riguardare";9
"80";"conoscenza rispetto";9
"81";"corso solido";9
"82";"corso storia";9
"83";"elemento fondamentale";9
"84";"medicina interna";9
"85";"necessario comprensione";9
"86";"nozione generale";9
"87";"offrire studente";9
"88";"primo parte";9
"89";"principio base";9
"90";"programma corso";9
"91";"punto_di_vista punto";9
"92";"raggiungimento livello";9
"93";"strumento analisi";9
"94";"strumento metodologia";9
"95";"studente laurea";9
"96";"studente seguire";9
"97";"1 conoscenza";8
"98";"acquisire strumento";8
"99";"chimica organica";8
"100";"completamento corso";8
"101";"conoscenza concetto";8
"102";"conoscenza tecnica";8
"103";"corso studenti";8
"104";"cosa essere";8
"105";"diritto costituzionale";8
"106";"durante corso";8
"107";"fare acquisire";8
"108";"prefiggere fornire";8
"109";"principale strumento";8
"110";"proporre analizzare";8
"111";"punto vista";8
"112";"storia arte";8
"113";"studente concetto";8
"114";"studente studente";8
"115";"unione europea";8
"116";"introduzione corso";56
"117";"programma modulo";38
"118";"seguente argomento";29
"119";"titolo corso";25
"120";"1 introduzione";22
"121";"parte generale";20
"122";"argomento trattare";15
"123";"corso affrontare";15
"124";"corso articolare";15
"125";"introduzione sistema";14
"126";"modulo 1";14
"127";"corso presentare";13
"128";"programma essere";13
"129";"corso introduzione";12
"130";"due parte";12
"131";"3 cfu";11
"132";"corso trattare";11
"133";"introduzione generale";11
"134";"lezione essere";11
"135";"parte 1";11
"136";"prof ssa";11
"137";"programma dettagliato";11
"138";"breve introduzione";10
"139";"contenuto insegnamento";10
"140";"corso venire";10
"141";"corso vertare";10
"142";"lezione introduttivo";10
"143";"parte teorico";10
"144";"quadro generale";10
"145";"6 cfu";9
"146";"corso monografico";9
"147";"essere articolare";9
"148";"essere introduzione";9
"149";"lezione frontale";9
"150";"modulo microbiologia";9
"151";"principale argomento";9
"152";"trattato essere";9
"153";"corso affrontiare";8
"154";"corso dividere";8
"155";"modulo patologia";8
"156";"na na";8
"157";"patologia generale";8
"158";"presentazione corso";8
"159";"principale snodo";8
"160";"trattare principale";8
"161";"capacità analizzare";26
"162";"essere capace";23
"163";"capacità analisi";22
"164";"risolvere problema";20
"165";"studente capacità";18
"166";"studente sapere";18
"167";"critico testo";16
"168";"analizzare critico";15
"169";"capacità studente";15
"170";"svolgere ricerca";15
"171";"testo letterario";15
"172";"semplice problema";14
"173";"acquisire capacità";13
"174";"capacità comprendere";13
"175";"seguente capacità";13
"176";"sviluppare capacità";13
"177";"adeguato preparazione";12
"178";"analisi testo";12
"179";"fine capace";12
"180";"riguardare modulo";12
"181";"sapere analizzare";12
"182";"sapere utilizzare";12
"183";"studente strumento";12
"184";"maniera critico";11
"185";"presentare corso";11
"186";"richiedere capacità";11
"187";"sapere riconoscere";11
"188";"_di_utilizzare grado";10
"189";"analizzare problema";10
"190";"critico concetto";10
"191";"fine acquisire";10
"192";"grado utilizzare";10
"193";"presentare relazione";10
"194";"principale caratteristica";10
"195";"saro grado";10
"196";"analisi critico";9
"197";"analizzare testo";9
"198";"capace avvalere";9
"199";"conoscenza acquisito";9
"200";"corso capacità";9
"201";"corso tale";9
"202";"dovere sapere";9
"203";"lettura critico";9
"204";"modulo anatomia";9
"205";"riconoscere principale";9
"206";"risolvere esercizio";9
"207";"sapere affrontare";9
"208";"sapere applicare";9
"209";"studente imparare";9
"210";"tale competenza";9
"211";"capacità acquisire";8
"212";"capacità progettare";8
"213";"competenza essere";8
"214";"comprendere concetto";8
"215";"conoscenza generale";8
"216";"corretto approccio";8
"217";"corso utilizzare";8
"218";"dottrino giurisprudenza";8
"219";"grado analizzare";8
"220";"guida metodologico";8
"221";"metodologico poterna";8
"222";"obiettivo apprendimento";8
"223";"poterna affrontare";8
"224";"relazione scrivere";8
"225";"sapere leggere";8
"226";"termine insegnamento";8
"227";"utilizzare conoscenza";8
"228";"utilizzare tecnica";8
